Issues,Category
"The portal  is'nt working properly  , as it is recording ..but when i am trying to upload , it is not able to upload properly.",platform issues
"only mic issues, battries draining too fast.",Facilities
Mic Battery issues,Facilities
Because of page wait in instructor platform it took tens minutes to submit and download the recording of lecture because of page wait and unresponsiveness and lecture started late because I had lectures back to back.,session timing issues
"In section 14 the frequency of the mic is high , the students were not able to hear my voice clearly.",Facilities
In hall 1 mic is not working.,Facilities
Mic Batterys are drained and mic not worked properly,Facilities
Marker not available ,Facilities
extenstion board for students and wifi issuewifi ,Facilities
Instructor portal taking time to submit the recording and downloading.,Facilities
The mic was not working properly.  ,Facilities
the audio was downloaded but report was not generated.,platform issues
Network issue in section 10.,Facilities
Internet connectivity. ,Facilities
"Mic battery got finished during starting of lecture , students were less so i proceeded without mic ",Facilities
"In Section 2, during the ""Intro to Backend"" topic, the success coach came and discussed documents with the students. This session was recorded, and it is currently showing as a red flag in the report.",Tech QA report issue
Mic was not working,Facilities
"Mic,Internet and Ac issues ",Facilities
For the first classes try to make sure that screen and sound system are powered on,Facilities
"Mic's Batteries (replaced within 5 min.). Today, there is no internet connection (wifi), I was using my hotspot but I faced these issues as some slides were not loading.",Facilities
Mic issue in the middle of the session,Facilities
"mic battery got down in starting 10 minutes , i continued without mic for 5 minutes, in last 10 minutes again mic battery low,again continued without mic , i saw only one new battery was replaced not both",Facilities
In the middle of the session so many assigned students were sent to class it kind of broke the flow,other on ground issues
I had multiple issues with mic and screen but it were resolved quickly.,Facilities
"out of 48, only 24 students were able to attempt the quiz due to learning portal access. ",Student portal
"Students not responding properly, talking about their hostel problems when i asked for queries.",other on ground issues
"Simple Vocabulary & Jargon in Evaluation Rubrics, not accurate. Questioning: i have asked multiple questions but i noted only few.",Tech QA report issue
The students are very loud and not attentive in class,other on ground issues
"mic not working
",Facilities
mic not working,Facilities
yes. mic is not working.,Facilities
"Had issues with mic so the transcript of the sessions have not generated well. One of the Behavioural Red Flags has raised a concern that I was asking students' mobile numbers when in reality, I was only giving them the example of a database storing their data like email, password, mobile number and name when they login/signup to a website. ",Tech QA report issue
"As per the report, the words or phrases in repetitive, but that is repetitive in the video lecture and in PPT",Tech QA report issue
The mic problems we are facing.,Facilities
in the middle of the class 10 students came and broke my flow ,other on ground issues
Students should be in the class at time and also students are not able to answer the questions if we ask from previous sessions,other on ground issues
"Mic is not working, report is still giving concerns that I am not interacting with the students and not asking questions",Facilities
Mic issue,Facilities
mic issue  \,Facilities
"In morning, network issue was there so all classes were rescheduled.",Facilities
"Session started and ended late, as student went for Uniform Measurements. ",other on ground issues
"The network was not working properly, and screen sharing stopped 2 to 3 times, but I still delivered the class effectively.",Facilities
"We continuously had a network issue , and had a discussion regarding the query with the BOA also , they mentioned that , they are trying to resolve the issue ",Facilities
Audio recording. Instructors' Platform glitch and recording did not start. Internet issue.,platform issues
students still don't have learning portal access. out of 47 only 24 students were able to attend ,Student portal
"unable to upload the recording for evaluation , it is taking too long time to upload & unable to upload",session timing issues
"Pls provide a way to complete 2 hours worth of content in an 1 hour session including recording of 3 separate sessions on instructor portal and waiting for 5-10 mins for each recording to upload, conduct live quizzes and take attendance as well.",session timing issues
No Mic Available ,Facilities
"Fan noise, Students were tired due to long duration of session.",other on ground issues
even though i am recording in the instructor platform its not submitting,platform issues
"The screen was not working initially and it took some time to connect to the digital board, but I still delivered the class effectively",Facilities
Mic was not working at all.,Facilities
"Session stated late so, ended late.",session timing issues
Internet issues,Facilities
"Due to a network issue, the QA report was not generated. I have manually uploaded the audio file to the Instructor Platform.",platform issues
"Due to a network issue, the QA report was not generated. I have manually uploaded the audio file to the Instructor Platform.",platform issues
"Due to a network issue, the QA report was not generated. I have manually uploaded the audio file to the Instructor Platform.",platform issues
"Due to a network issue, the QA report was not generated. I have manually uploaded the audio file to the Instructor Platform.",platform issues
"Couldn't get the recording from Instructor portal, their might be issue with the portal, but I have recording in my phone.",platform issues
"1) The classroom did not have a TV or display screen, which limited my ability to explain concepts effectively. Additionally, several benches were broken, creating an uncomfortable environment for the students. 
2) The air conditioning was not working, and the classroom was hot, causing visible discomfort and irritation among the students. 
3) Due to the poor conditions, I was unable to proceed with the planned topic. Instead, I converted the session into an interactive discussion to maintain student engagement.",Facilities
For starting classes the screens are not powered on please resolve it,Facilities
Students are not responding even in interaction sessions also,other on ground issues
My instructor platform is not showing any sessions to record and i just tried to record the session and I lost all the recording.,platform issues
Students are complaining about the learning portal and I am unable to interact with the students without any subject to explain or talk.Its very hard to interact with them for 1 hour without any subject and from two days we are being interacting with the students and we are doing the same thing from 2 days .So students are feeling bored and irritated.,Student portal
"Report : Pace & Flow Management - it cannot be constant throughout the session.
Class : Students late reporting due to transport issue and delayed attendance by success coaches disturbed the flow.",Tech QA report issue
Reports: Simple Vocabulary & Jargon - Acronyms were defined clearly but Tool fails to take it.,Tech QA report issue
Pls Improve Network Speed,Facilities
"NO Electricity and no Wi-Fi, couldn't record (Stopped in between) (10am to 11am Session [Section - 15])",Facilities
"1) The classroom did not have a TV or display screen, which limited my ability to explain concepts effectively. Additionally, several benches were broken, creating an uncomfortable environment for the students. 
2) The air conditioning was not working, and the classroom was hot, causing visible discomfort and irritation among the students. 
3) Due to the poor conditions, I was unable to proceed with the planned topic. Instead, I converted the session into an interactive discussion to maintain student engagement.",Facilities
"The session in Instructor platform not scheduled so, I have recorded in Mobile.",platform issues
"The session in Instructor platform not scheduled so, I have recorded in Mobile.",platform issues
"I had the session from 9:30 - 10:30 in S1 on Coding Practice Walkthrough 1 
when i reached there at 9:30 i found out that the same session was already conducted the previous day. at that time i had to conduct the session on Leveraging GenAI for accelerated learning.
",Scheduling issue
In the middle of the session the mic stopped working so i had to carry on with the session without any mic.,Facilities
Recording started but Wi-Fi was slow couldnâ€™t do it,Facilities
"All students could not access the Hugging Face through the same wifi, so I asked them to use there own hotspot",other on ground issues
Many students didn't get the access to the portal,Student portal
"All students could not access the Hugging Face through the same wifi, so I asked them to use there own hotspot",other on ground issues
70% of students didn't get the access to the portal ,Student portal
"All students could not access the Hugging Face through the same wifi, so I asked them to use there own hotspot",other on ground issues
"Aug-20 section-18 (intro to tech ) , for many students in that section were done with that topic.",Scheduling issue
Only the students who are sitting in front are responding and also for the session before the lunch time the students are leaving the class before by saying washroom,other on ground issues
"I recorded the audio with the Instructor Platform from the Scheduled section, I even selected Yes as options for both pop-up windows, it still didn't submit the record into the website.",platform issues
Mic didn't work.,Facilities
"No major issues in class. However, students mentioned facing AC issues in the classroom and felt suffocated.",Facilities
power cut ,Facilities
We don't have the any mcq and coding practice's in starting class that why we not recording the session next we introduction html in that we have mcq and coding practices then we going to recode the class ,Scheduling issue
"The session in Instructor platform not scheduled so, I have recorded in Mobile.",Scheduling issue
In middle of session power gone ,Facilities
"The session in Instructor platform not scheduled so, I have recorded in Mobile.",Scheduling issue
Technical issue,platform issues
after stop recording its not saved,platform issues
mic was bit troubling. there is no marker and duster. ,Facilities
"TV is not fixed, no mic, most of the things are not ready",Facilities
"The class was not ready, No Screen .",Facilities
Mic didn't work.,Facilities
Technical issues with audio recording. (using third party software) - audacity ,platform issues
Technical issues with audio recording. (using third party software) - audacity ,platform issues
"The students kept coming in late to class, Electricity issue",other on ground issues
There was no TV installed so I had taken Interaction session,Facilities
All went well except for internet connection got lost in middle,Facilities
power cut during class for 5 minutes,Facilities
"two times power cut , almost lost 10 minutes , its gen ai session which is already very long session so it was impossible to finish within one hour after power cut",Facilities
Some of them dont have access portal access and success coaches were unavailable,Student portal
Students are using phones during the class and sometimes they are having careless attitude.,other on ground issues
"Students kept entering the classroom throughout the session, which caused frequent disruptions.",other on ground issues
network issues and around 13 students in the class room no: 6 do not have learning portal access. ,Facilities
Many students do not have access to learning.,Student portal
"Issues with laptop and had to restart and lost the recording, so had to record again (Also tried to record in mobile and only half was recorded) and Success coaches were having some work with the students. 

The recording doesn't work when we keep moving around.",other on ground issues
The recording was not uploading manually.,platform issues
"1) Instructor Platform is not generating the report, the status is still ""Pending""
2) Mic batteries issue, but it was resolved",platform issues
"Students have not yet received access to the Learning Portal, but the Introduction to Python session has been completed. Some students are mentioning that this might cause them to lag behind in the upcoming sessions",Student portal
Audio Recording is not getting Uploaded,platform issues
"The session in Instructor platform not scheduled, please solve this issue as soon as possible.",Scheduling issue
Students are coming in between the class that is somewhat disturbing,other on ground issues
Power went off for and it disturbed for sometime after then continued smoothly,Facilities
"Students asked further classes topics, and i managed in such a way that while giving simple description and closing them by saying will discuss in upcoming sessions. Still the report generated irrelevant topic explained. due to that getting 2.7 feedback rating like that.",Tech QA report issue
Mic stooped working after 20 minutes it became difficult to speak louder as the area of the class was big,Facilities
"Students asked further classes topics, and i managed in such a way that while giving simple description and closing them by saying will discuss in upcoming sessions.BUT still generating reports like explained irrelvent topics. and it effects learning portal ratings.",Tech QA report issue
"The session in Instructor platform not scheduled so, I have recordedÂ inÂ Mobile.",Scheduling issue
4-5  student's portal block for today practice session,Student portal
Success Coach came and collecting data regarding the portal issues,other on ground issues
"1. I do not have access to the PPT from the instructor portal. I had to use the PPT from the learning portal. with respect to the report, ""Instructional Focus area says i have discussed off-topics"" but, the chrome is present the PPT.  
2. still 17 students in the class need to have portal access. and there is network fluctuations",Tech QA report issue
no microphone ,Facilities
Mic didn't work.,Facilities
Due to Internet issues audio didn't record.,Facilities
power cut was going opn and internet connectivity was disrupted,Facilities
"The session was not conducted as students are facing issues with the Learning Portal. So, The Success Coach is currently collecting the required data.",other on ground issues
Mic was not working,Facilities
still few students do not have access to the learning portal. the internet connectivity is good for this session. ,Student portal
session was not scheduled in the Instructor Platform.,Scheduling issue
"not getting expected feedbacks from learning portal. Due to students are asking more questions , and i am resolving it. but my learning portal things that i am going out off content and not following slides, but i am not going out of content and perfectly following the slides which is my biggest strengths, but still learning portal getting confuse with this. but in actually grounds. getting very good feedbacks from my students. ",Tech QA report issue
delay due to attendance,other on ground issues
TV is working in hall - 19,Facilities
Power cut issue in middle of the session,Facilities
Report transcript is not correct ,Tech QA report issue
THE QA TOOL RECORDER DICNT RECORDED THE AUDIO,platform issues
Saving issue,platform issues
"as usual , network issue , where the college is trying to resolve the problem ",Facilities
"In accordance with the given guidelines, examples used in the presentation slides have been deliberately excluded from this report. The emphasis here is placed on theoretical explanations, detailed analysis, and outcomes.",Tech QA report issue
morning practice session same content repeat in second session,Scheduling issue
Extremely Terrible Wifi issues,Facilities
Network Issue,Facilities
"Network issue and students have not got their portal , which is being trying to resolve everyday",Student portal
For the first classes of the day please make sure that screen and sound system is turned on,Facilities
still around 13 students do not have learning portal access. ,Student portal
Mic didn't work.,Facilities
"we need mentors because while solving the doubts students are calling and we are not able to reach out to every student in the class.
",other on ground issues
"The time table in the instructor platform was not proper, Mic was not working",Scheduling issue
In class chairs are not proper.,Facilities
The Class Strength is more than 80 so handling the entire class effectively is not possible so please try to increase the number of mentors . And one more important thing is mentors only handling the gen ai classes too so please try to rectify our issue .  Thank You   ,other on ground issues
12 students do not have learning portal access.,Student portal
"I am unable to record since we had internet issues and we were helping students in fixing the issue.
Learning portal issue with students we are helping regarding this thing.",Facilities
 Some Students are not showing interest and making others Disturbance,other on ground issues
while I'm started to record the session the success coach came and said she wants to collect data so i recorded only 1min ,other on ground issues
Few power-cuts in between the session.,Facilities
The exception unknown software exception (0xe0000008) occurred in the application at location 0x00007FFEFDB85369,platform issues
Internet Issue and learning portal access issue,Student portal
Mic stopped working suddenly in class,Facilities
"The mic is not recording the student voice; hence, student interaction is shown as low. 
and reduce the length of the ""Intro to Gen AI"" PPT so it can be covered in 1 hour.",other on ground issues
"Follow the lesson plan sequence, simplify jargon, and ensure accuracy of technical terms with clear explanations.
Boost engagement by adding polls, open-ended questions, and pauses, while keeping pace steady and examples focused.",Tech QA report issue
IN THE code platform when we srite code in the HTML or CSS file its not visiblke till last we zoom it then the time when we come back to the slides it goes till slide number 1 so its very irritating and takes a alot of time to go back plz do something ,session handling issues
IN THE code platform when we srite code in the HTML or CSS file its not visiblke till last we zoom it then the time when we come back to the slides it goes till slide number 1 so its very irritating and takes a alot of time to go back plz do something ,session handling issues
"Students are not paying attention in class. They are using mobiles, laughing, and not showing respect to the faculty.",session handling issues
"Classes have started and Students are not having Learning portal access till now, and few of them who are having access did not have their sessions unlocked (Students were shifted from Section-7 to Section-6, so they don't have access to what's being taught in Section-6).",Student portal
The instructor portal still has some issues.,platform issues
few of the student did'nt got leanring access,Student portal
"Students asking more droughts in the class room , and i am resolving it in the class. but learning portal is generating like going out of slides not following slide . because of that getting little bit low score. ",Tech QA report issue
"Students asking more droughts in the class room , and i am resolving it in the class. but learning portal is generating like going out of slides not following slide . because of that getting little bit low score. ",Tech QA report issue
"Students asking more droughts in the class room , and i am resolving it in the class. but learning portal is generating like going out of slides not following slide . because of that getting little bit low score. ",Tech QA report issue
The topics are not updated in the instructor portal,Scheduling issue
Power cut issue,Facilities
reduce the ppt size it is too big for 1 hour.,session handling issues
but took my time and explained the topics,other on ground issues
Students are Facing issues with Learning Portal ,Student portal
students are having portal access issue.,Student portal
classes not scheduled on instructor platform ,Scheduling issue
"issue with student portal access so, some students unable to do the coding practices.",Student portal
class not displayed on portal so i have recorded using phone ,Scheduling issue
Students still did not get their portal access,Student portal
No Internet ðŸ˜­,Facilities
There was a problem with the instructor platform where I can see there are six classes assigned to me but in the actual schedule it was three classes even they didn't update the actual topic which has to be taught to the students so I had to follow up the actual schedule and the next topic and at the same time since it has not been reflected in the instructor platform I was unable to take the quiz for the students.,Scheduling issue
"Tool did not start the recording as there was internet issue, uploaded audio recording from mobile.",platform issues
Portal didn't record due to network issue and continues power loss,Facilities
still 8 students in this required learning portal access. ,Student portal
"I recorded the session, but it is not uploading. I also have  recording on my phone, but that too is not uploading in instructor portal. I tried three times, but still itâ€™s not working.",platform issues
Succes coaches are taking half of the time in the class. No time to clear the doubts of remaining students,session handling issues
Everything Fine but some students didn't got the access to learning portal,Student portal
The instructor portal is still not showing my sessions in it.,Scheduling issue
The projector was flickering throughout the session. It wasnâ€™t flickering continuously; it flickered once every 1â€“2 minutes.,Facilities
Recording has done via instuctor platform due to internet issue it got failed in uploading. I have recording in my mobile i will upload that recording manually. ,platform issues
students facing network issue and chair issue,Facilities
saving issue,platform issues
"python haven't started in class 19 , they scheduled the code walk through which should come after intro to python ",Scheduling issue
"After the session , If I want to look, Student quiz scores and feedback are not visible.",platform issues
Portal Access Issue,Student portal
Students are facing learning portal issue,Student portal
"Students mentioned that the Intro to Python session was not conducted; instead, a code walkthrough was directly held in Section 19",Scheduling issue
Current Issue,Facilities
"Could you please schedule all the practice sessions after the theory classes?
The reason is that if students attend MCQ or coding practice sessions before the theory class, they may not know the answers or understand the concepts yet.
This is just my suggestion, but I believe it would help students follow along more effectively",session handling issues
Microphone getting bass as complained by students. I have unable to fix it. ,other on ground issues
"There was no power , no internet there was no chance to start the class.",Facilities
There was a power cut because of which i could not complete whole session.,Facilities
"Rubric : Coverage & Sequence :is inaccurate-fine tuning and else is mentioned in the slide.; Instructional Focus: is flawed all the tools are present in the slides, 
Pace & Flow Management: pace cannot be constant, it is bound to vary.; 
Simple Vocabulary & Jargon: not up to the mark.",Tech QA report issue
The 1.5-hour course is very difficult to complete in 1 hour.,session timing issues
Internet issue,Facilities
"Pace & Flow Management: it cannot be constant, varies based on students interaction and time. For every topic : 'First...', 'Next...', 'Finally...'  is feasible to use.
Simple Vocabulary & Jargon: unexplained acronyms -- i clearly give the full form for all abbreviation.
Student Interaction : intro to Gen AI, little scope for interaction.  ",Tech QA report issue
Formative Assessment & Feedback: there was ample amount of interaction with which the tool missed,Tech QA report issue
"Could not able to complete the whole session in given time ,took some extra time to complete the session .The topic i have to take did not reflect in the instructor portal , in Schedule other topic was given to me but for that particular class the previous topic was not complete to that class , so i had to take that the previous topic.",session timing issues
ANIME AND MOVIES WERE NEVER DISCUSSED.,Tech QA report issue
The class was very bad every students went outside even before the class ended,session handling issues
So many students playing pubg in the classroom.,session handling issues
"wifi issue, power cut happen in between the session ,tv wont work to deliver the session, and while interacting with the students in those kind of situation, learning portal recording and telling discussing unnecessary thing , going out of context.",Tech QA report issue
"POWER CUT ISSUE, WIFI ISSUE, MIC ISSUE, AND STUDENTS GOT SHEDULED BY  SECOND SESSION WITHOUT CONDUCTION FIRST SESSION",Scheduling issue
"The session faced multiple challenges as both the microphone and TV were not functioning. Additionally, a power cut caused a delay of over 30 minutes. Students expressed their concerns and appeared visibly upset.",Facilities
"Students are facing issues with the Classroom Quiz. Although they are writing the answers, the score correction is not happening properly. Some students are receiving lower scores, for some the scores are not being displayed, and for others, the system is showing that the answers were not submitted.",Student portal
Pls fix the instructor portal. Its picking up student conversations and basing the evaluations from that.,Tech QA report issue
Pls fix the instructor portal. Its picking up student conversations and basing the evaluations from that.,Tech QA report issue
"the session was in two parts , i recorded the first part but its showing recording not submitted",platform issues
No issues with the mic or any other equipment,Facilities
Batteries,Facilities
Platform becomes irresponsive while submitting the recording.,platform issues
topics after thois topic what i tought today was done before,Scheduling issue
4 tiimes Power Cut In the Middle of the Session(which effected the QA report),Facilities
Issue with internet and 2 members didn't got the portal access ,Facilities
Major Electricity issues,Facilities
Network issue for students while attending quiz,Facilities
The instructor before has taken 15 mins of my session that affected me in my class .,session timing issues
I am taking the classes in section19 and section 20 in the second floor  in that two classrooms I  have network issues which will not loading the instructor portal itself which result failing in auto submission in instructor portal.,platform issues
Mic didn't properly,Facilities
"The evaluation flagged my iPhone example as off-topic, but it was actually part of the official PPT in image form. Since the system didnâ€™t capture image-based content, it misinterpreted my example as unrelated.",Tech QA report issue
still 4 students do not have the learning portal access.,Student portal
"due to network issue, couldn't record the audio. Technical issue. ",Facilities
wifi is slow,Facilities
I have morning session in vgu class room 101 but when i reach to the classroom electricity was not there and students i wait for half hours until it is resolved . Then they setup projector and all so I get only 20 minuts to finish the module/ lecture. In sencond class I faced serious network issue with both wifi and the mobile internet . So session get delayed for some time . And morning because pf rushing to complete the modules in limited time i forget to record the session . From next time i will keep this in mind.,session timing issues
Students came late to the class,other on ground issues
The instructor portal was not working today when i was about to fi ish the session it stopped responding ,platform issues
Section - 19 --> Wifi issue and getting frequent network issues.,Facilities
Section - 09 --->. Half of the students are not having Learning Portal access,Student portal
"Network issue, frequent power-cut, student at the back were not able to see the board properly. ",Facilities
"MRV University management is providing ID cards. Hence, management paused their activities and proceeded to have their photographs taken for the ID card process ",other on ground issues
"MRV campus management is providing ID cards. Hence, the management paused their activities and proceeded to have their photographs taken for the ID card process.",other on ground issues
In the instructor portal it was not showing after finished the class it was show,platform issues
Students didn't interact well. ,session handling issues
Webpage become irresponsive while submitting the recording.,platform issues
"There was an issue with the scheduling of the session. The second topic, ""Variables and Data Types,"" was assigned, but upon speaking with the students, I found out that the first topic, ""Introduction to Python,"" had not yet been covered. As a result, I had to teach both topics in a single session. Additionally, I was assigned another session on ""Leveraging GenAI,"" which I couldn't complete due to the time constraints caused by the scheduling issue. I would like to request the schedule for tomorrow and have the topics rescheduled accordingly.",Scheduling issue
"students are asking unreverent question and forcing me to answer which kills my time i took 1 and half hour time to complete my session due to disturbance created by the student. and two session are given to complete in a single session, attendance also i have to take and that to its the first session of the day students came late by 10 minutes to the class. this many problems i faced.",session handling issues
Major Electricity issues,Facilities
"students are asking unreverent question and forcing me to answer which kills my time i took 1 and half hour time to complete my session due to disturbance created by the student. and two session are given to complete in a single session, attendance also i have to take and that to its the first session of the day students came late by 10 minutes to the class. this many problems i faced.",session handling issues
"Report is not giving accurate results. when ever i am interactive with students at that time its giving less ratings, if i am not interactive then its giving good ratings. ",Tech QA report issue
Internet issue for some students,Facilities
"Instructors are taking our mentors sessions time for about 20 min, so with in limited 30 min time as an instructor, it is not sufficient to  connect with all students.",session timing issues
QA report not generated as we were having wifi issue.,Facilities
"Students asking for indoor games, asking for transportation and ",other on ground issues
Explanation Clarity & Structure; Pace & Flow Management; Session Liveliness,Tech QA report issue
"Yes, Net is not coming. ",Facilities
no curtains no internet students did not have portal access many more issues classes are not ready. no microphone to record,Facilities
no curtains no internet students did not have portal access many more issues classes are not ready. no microphone to record,Facilities
"Network issue, screen sizing issue, the student didn't get the portal, so there are some problems with practicing coding and MCQs",Student portal
Instructional Focus;Pace & Fillers; ,Tech QA report issue
"There was no schedule for today in the instructor portal . So I could not  record the session 
and also projector was not working properly because there was a lot of issue in network connection I recorded session in my phone but I did not see that phone was unable to catch the voice because of some setting problem But next time I will make sure that it will be record properly.",Scheduling issue
Due to technical glitches I didn't record it,Facilities
"Technical issue
Wifi not working
classes are so hot and suffocating",Facilities
"Coverage & Sequence: Only second half was left. 
Instructional Focus: quiz is part of session.
Explanation Clarity & Structure
Simple Vocabulary & Jargon: were covered in last session , students answered the full forms
Pace & Fillers",Tech QA report issue
students don't have access to student portal.,Student portal
"Due to projector and internet issues (including mobile hotspot), students faced difficulty following the MCQ and coding practices. Hence, in the first class we verbally recapped the theory and conducted MCQ and coding practice on the classroom board. The schedule was also not updated in the instructor portal",Scheduling issue
Today's lecture was mainly slide based but projector was not working properly today.,Facilities
The instructor portal was not showing my sessions,Scheduling issue
Section - 05 --->  Students are having the issues with the classes that are happening,other on ground issues
Students are using mobiles and playing Games,session handling issues
Students are using mobiles,session handling issues
"session was not reflected on portal so i have voice recorded on phone , i will upload that ",platform issues
Instructors are taking extra time in my mentoring session,session timing issues
"Initially I started the recording, but due to some network issues I forgot to restart it.",Facilities
None .slides are not visible for back side people,Facilities
HDMI is not working in room 6. had to manually login in the TV and writing the code using the TV keyword got little hectic. ,Facilities
"Network issue, The classroom is quite warm and uncomfortable due to high temperature.",Facilities
Didn't got the access to the PPT.,platform issues
"The second part of the class was on the sequence of instructions, for which the time was less. So I didn't start that. ",session timing issues
"Very Hot classroom,wifi is not working,earthing in the classroom",Facilities
"very hot class,wifi issues,seats broken",Facilities
"Some students received access to the learning portal, while others did not. For the students , the scheduled coding practice was on For Loop instead of the first coding practice (Introduction to Python).Wifi Issue, Projector screen is not visible to the students",Student portal
more of error in python model 1 quiz,Student portal
Students did not have access to learning portal,Student portal
Instructional Focus; Formative Assessment & Feedback; ; Simple Vocabulary & Jargon,Tech QA report issue
Instructional Focus; Formative Assessment & Feedback; Pace & Fillers; Session Liveliness,Tech QA report issue
Instructional Focus; Pace & Flow Management; Pace & Fillers; ,Tech QA report issue
"Network issue, charging issue, the classroom is quite warm and uncomfortable due to high temperature.",Facilities
Mic has some issues in the hall ,Facilities
"Some students are not attended previous classes, If students have not attended the previous classes, they can access the recordings on the portal and need to watch them, but it seems they are not doing so",session handling issues
The generated report is saying the concepts which were in the PPT are irrelevant to the core class. ,Tech QA report issue
Network Issue,Facilities
"Because of internet issue, I couldn't take class Quiz and students couldn't do hands-on in the session.",Facilities
its disconnected might be wifi issue,Facilities
They are saying that they have already done with all the classes.,Scheduling issue
"Network issue that's why its not completed
",Facilities
internet issue so was  not able to record the session,Facilities
I have recorded the session in my phone as we were facing internet issues here in the morning as wifi was not available.,platform issues
They are asking about learning portal logins,Student portal
Instructor portal was not responding at the time of submitting the audio file ,platform issues
Time concerns,session timing issues
"Due to Internet issue, Couldn't take the Classroom Quiz.",Facilities
The QA Tool is saying the sequence was inconsistent. It also said I used informal term like 'friend' when I explained a small example for 'Think of AI as your learning partner 24/7'.,Tech QA report issue
"did not get recording , but i started recording in that particular session on platform",platform issues
mic not working in starting 10 minutes ,Facilities
I took practice session in morning 8:30 - 9:30 as harshad is not here today so i did not record the practice session.,session timing issues
"The TV did not on for 10 mins. but, was resolved by the facilities Team. one student still need ",Facilities
Instructor taken a extra time in my session,session timing issues
"Wi-Fi is very poor, which caused error uploading the session audio automatically.",Facilities
Electricity Issues,Facilities
Still some need to get portal logins,Student portal
STUDENTS LERNING PORTAL IS STILL UNLOCKED,Student portal
"Coverage & Sequence - this was the second half of the entire session.
Instructional Focus - classroom quiz is part of session is bound to happen.
Explanation Clarity & Structure ; Pace & Flow Management
Simple Vocabulary & Jargon - all terms when explained and given full forms as well.
",Tech QA report issue
Students arrived late and taking attendance took some time as well,session timing issues
Grammar & Sentence Length;,Tech QA report issue
STUDENTS LEARNING PORTAL NOT UNLOCKED,Student portal
"There was no power, no mic was there due to that i can conduct the class",Facilities
"STUDENTS LEARNING PORTAL IS LOCKED STILL. NEED TO UNLOCK, BECAUSE THEY ARE NOT DOING ANY PRAQCTICE
",Student portal
"STUDENTS LEARNING PORTAL IS LOCKED STILL. NEED TO UNLOCK, BECAUSE THEY ARE NOT DOING ANY PRAQCTICE
",Student portal
"They are telling that, we are done with today modules and practices when i told them to revise todays while they are playing games in the laptops and watching mobiles. ",session handling issues
No discrepancies in today's class. ,session handling issues
Mic didn't work.,Facilities
Had mic issues (Low battery),Facilities
one of the student couldn't answer the classroom quiz due to schedule. he got another classroom day plan scheduled to his. the BOA and PM were looking into it. ,Scheduling issue
"Instructor portal was not working it is not responding but the audio file is downloaded ,i have uploaded it manually ",platform issues
In my instructor Platform Schedule for first session was not assign (session was not assign on /before time ),Scheduling issue
Most of them are playing games not maintaining silence,session handling issues
Coverage & Sequence; Example Relevance; Instructional Focus - looks like the tool itself is not clear with which session is going on.,Tech QA report issue
The tool didn't generate the report and also failed to capture the audio.,platform issues
\I have been assigned with a class with the topic of coding practice walkthrough part two but in the instructor platform the PDF was not reflecting and none of the back end instructors were having the idea what to teach so I took the session for solving their doubts and made them solve few questions.,Scheduling issue
"REPORT IS SAYING TO NOT TALK ABOUT THIS ""CONVINCE MY FATHER FOR AN I PHONE"". BUT THIS LINE IS IN THE SLIDE AS AN EXAMPLE. AND IT IS TAKING NOISE AS RANTOM TEXT.",Tech QA report issue
"REPORT IS SAYING TO NOT TALK ABOUT THIS ""CONVINCE MY FATHER FOR AN I PHONE"". BUT THIS LINE IS IN THE SLIDE AS AN EXAMPLE. AND IT IS TAKING NOISE AS RANTOM TEXT.",Tech QA report issue
Student arriving late is still the recurring problem,session handling issues
"The TV's are not fixed in every class, So please fix it as soon as possible. ",Facilities
Present QA tool performance is poor than the previous version,Tech QA report issue
Because of network issue in the second session I m unable to record the second session ,Facilities
My class has been scheduled on the topic of coding practice work through part two but in the instructor platform I am unable to access the powerpoint and also in my learning portal also there is no powerpoint available so it is hard to teach them without a powerpoint therefore we have continued with some practice problems and made them to solve.,Scheduling issue
There were less students in the class,session handling issues
"Instructors are using 10 to 15 minutes of mentors session time, so with in limited time, can not able to resolve all students doubts. we are asking instructors that try to complete their session with in their slot of time.",session handling issues
My class has been scheduled on the topic of coding practice work through part two but in the instructor platform I am unable to access the powerpoint and also in my learning portal also there is no powerpoint available so it is hard to teach them without a powerpoint therefore we have continued with some practice problems and made them to solve.,session handling issues
No TV in the classroom,Facilities
"some student's are getting coding playground glitches
when student is giving one heading element in body tag so it is two times. ",Student portal
"Coverage & Sequence

Score: 1.00/4.00

The session lacked clear alignment with the lesson plan. The instructor spent significant time on unrelated activities (e.g., quiz setup and feedback collection) and did not cover core topics in a structured sequence. Key topics like 'prompting techniques' and 'creativity' were mentioned but not elaborated upon.
Instructional Focus

Score: 1.00/4.00

The session contained significant off-topic content, including repeated administrative instructions (e.g., quiz setup at timestamps 00:00:00â€“00:02:05) and unrelated discussions about Goa trips and movie recommendations. These segments consumed a substantial portion of the session.
Score: 1.50/4.00

Explanation Clarity & Structure

Score: 2.00/4.00

The session lacked clear and structured explanations. The instructor did not consistently break down concepts step-by-step or use signposts like 'First...', 'Next...', 'Finally...'. There were repetitive and unclear instructions (e.g., 'Try to be quick' repeated multiple times without elaboration). Code demos or problem walkthroughs were absent, and the session lacked recaps or roadmaps.",Tech QA report issue
"Instructional Focus

Score: 2.00/4.00

The session included significant off-topic segments, such as extended discussions about feedback collection (e.g., 00:25:00â€“00:27:00) and unrelated tangents about best practices (e.g., 00:35:00â€“00:36:00). These detracted from the instructional focus.
Explanation Clarity & Structure

Score: 2.00/4.00

The explanations were often repetitive and lacked a clear, structured flow. Key concepts like 'container' and 'ruleset' were introduced but not always broken down step-by-step. The instructor frequently repeated phrases like 'so let's start' (e.g., 00:00:35â€“00:00:50) and did not consistently use signposts to guide the learners through the session. Code demos were present but were not always well-integrated with the slides, and there were missed opportunities for recaps.
Score: 2.00/4.00

The session had noticeable pacing issues, with the instructor spending excessive time on basic concepts (e.g., repeating the syntax for 'div' multiple times between 00:00:50â€“00:02:00). Some sections, like the explanation of inline styling (00:17:00â€“00:18:30), felt rushed compared to others. The session exceeded the expected duration, and the flow was disrupted by frequent digressions.
",Tech QA report issue
"latest version is performing poor than its previous one,.
",Tech QA report issue
In the middle of the class students started shouting and i could not complete the class,session handling issues
My class has been scheduled on the topic of coding practice work through part two but in the instructor platform I am unable to access the powerpoint and also in my learning portal also there is no powerpoint available so it is hard to teach them without a powerpoint therefore we have continued with some practice problems and made them to solve.,Scheduling issue
QA report is not generated. (FAILED),platform issues
QA report is not generated. (FAILED),platform issues
Hall - 04 --> Students are interactive and 1 or 2 students didn't get the learning portal access,Student portal
please unlock the topics which is scheduled to students,Student portal
Due to network issue the QA report generation took time.,Facilities
PLEASE UNLOCK THE TOPICS IN LEARNING PORTAL BEFORE THE CLASS STARTED ,Student portal
"PLEASE UNLOCK THE STUDENTS LEARNING PORTAL TOPICS BEFORE THE CLASS STARTED
",Student portal
"The report is deducting my marks on 'How can I convince my dad to buy me an iPhone?' this line. But this line is present in the ppt, and there are other places also. One more thing: the GenAIcourse is too theoretical and boring, so I need to joke and share some stories to keep the student engaged, but the report is deducting marks for it.",Tech QA report issue
Students are not revising the concepts after going to home ,other on ground issues
Instructor has taken 30 mins of my session today,session timing issues
"TV's are not fixed in every classroom, So please fix it as soon as possible. ",Facilities
I have recorded and submitted also but because of some error and unstable network in hall-19 it marked as completed but it is not showing the recording.,platform issues
Portal Issues,Student portal
To make students quite raised voice and it is showing red flag in report ,Tech QA report issue
"We have been facing network issues in Section 4, which is causing the display to disconnect repeatedly. In contrast, the network in Section 2 is stable and functioning well.",Facilities
My instructor platform not worked,platform issues
My inst4ructor platform not worked,platform issues
In 417 monitor is not working electric socket are not working wifi is not working If i am changing slide in monitor stop working ,Facilities
I got less than 15 mins in the class as classes were not available due to cleaning issues. After the class got cleaned wifi was not working and same session has been scheduled for me today which i took in the last class so the content is repeating for me in 3 sections.,session timing issues
"Coverage & Sequence;  Concept & Terminology Accuracy; Instructional Focus - marking attendance during session.
Unethical or Non-Instructional Conduct - things like junk food and all is mentioned in the PPT and session so cannot avoid it.
Pace & Fillers - pace cannot be constant throughout the session, needs to varied based on students response.
Simple Vocabulary & Jargon - Tool is not capturing words properly, because all Full forms were dictated explicitly.",Tech QA report issue
AC is off. ,Facilities
Instructors taking extra time in my class,session timing issues
Some time monitor automatically stop working between the session,Facilities
"1) Same content was scheduled twice in the section.
2) Smart tv was not working.
3) Wifi was not working.",Scheduling issue
Instructor platform has allotted same sessions.,platform issues
Same session allotted which i gave previously,Scheduling issue
Na,Facilities
"No mic has been provided, so it is difficult to record sessions using the laptop, and issues occur while generating the QA report. Also, since most students are not comfortable with English, I need to repeat the same thing twice so that they can properly understand the technical concepts",Tech QA report issue
NO wifi could not explain to the students te working of the coding platform ,Facilities
"class 19 have no internet.
",Facilities
I Have recorded the session in the portal but because of the glitch the session is not saved ,platform issues
Facing major issues with the platform,platform issues
"Facing issues with the platform as the transcript is not exactly the same
",platform issues
For me the portal is not able to get the report from recording so i recorded using phone and uploaded to generate report,platform issues
Evaluation Status : FAILED,platform issues
"Simple Vocabulary & Jargon,
Pace and Fillers,

",Tech QA report issue
Network is not working ,Facilities
Mic batteries and speaker volume,Facilities
Mic batteries and speaker volume,Facilities
Students are not there in the practice sessions ,session handling issues
network issue ,Facilities
Students are facing network issue due to that they are not able to write the codes ,Facilities
As the session was not completed  due to unexpected announcement.,other on ground issues
"Python Instructor took 30 minutes of my mentoring session. With in limited time, can't able to resolve all students doubts.",session timing issues
showed ppt which is in portal,other on ground issues
"screen suddenly stopped, wifi issue, mic needed, in the web development(front end )mentoring session-issue- some topics were not covered in the instructor class, so I need to explain the topic before the coding practice",other on ground issues
Ethernet cable not providing Internet in Section 1,Facilities
Mentors are not getting more practice sessions,Scheduling issue
Session is partially completed because session is 1 : 30 hour long so I was only able to complete half the session,session timing issues
Instructor platform is not working and my phone get switchoff,platform issues
Not generated yet but it is showing submitted,platform issues
"Today I was unable to join the session due to multiple issues. The session was not opening, access was not provided on time, and there were network problems as well. Because of these technical difficulties, I could not attend properly, which is now affecting my QA report. I request you to kindly provide proper access and ensure stable connectivity support for upcoming sessions so that my performance is not impacted",Facilities
I have recorded session but report is not generated ,platform issues
These action items arose due to a network issue. I didn't complete all topics in the proper way,Facilities
For mentor we not able solve the  all the coding question in 45 min  session ,session timing issues
most the responses they are not taking it from the students and thats why it is saying engagement is low,Tech QA report issue
some students past content locked,Student portal
"Internet Issue, plus attendance took 10 mins so only got 30 mins and marked as partially completed.
",session timing issues
Report is saying I am being dismissive towards the students when I only said 'Everyone had breakfast? Not feeling energetic in the morning?' when they were not responding to my simple question of CSS.,Tech QA report issue
"attendance was taken in class(10 mins gone) , last lecture was long so i completed that first , after that in remaining time i covered todays topic but still few slides left which i will cover in next class(hall 8)",session handling issues
In between class they are taking an attendance it will deviate the students minds.,session handling issues
DUE NETWORK ISSUE intstructor portal stucked and laptop audio recording missed.i will record in mobile from mext session.,Facilities
Students are playing games in mobiles and laptops even after informing ,session handling issues
"When the BOA team joins during LMS classes, the recording goes silent. This affects the class flow, lowers ratings, and may impact the report. Kindly look into this issue.",Tech QA report issue
BOA's came to class to resolve the issues with LMS for students which consumed session timings by 20 min. So QA report also noted this.,Tech QA report issue
"My system mic didn't work so, no voice coming in my session recording. ",other on ground issues
unable to record the session I used to click the recording but it didnt happen.,platform issues
Some students are facing portal issue.,Student portal
No wifi connectivity for students.  No curtains for windows low visibility on screen,Facilities
Wifi is not working and also i only have 25 min like previous mentor take the session too large,Facilities
"unspoken sentences
The transcript contains repetitive and unclear statements (e.g., 'I'm a student at the University of New York' repeated multiple times, and 'I'm going to show you the' repeated without context). This disrupts the instructional flow and does not align with the session's educational goals.",Tech QA report issue
"1) Their is no internet in class.
",Facilities
"70+ slides needed 10 more minutes , i took 10 minutes of practice session class, so that everything is covered on normal pace with detail explanation in hall 2",session timing issues
"the orientation session named ""Intro to gen ai"" is 1 hour 30 min long, so we had to deliver the session in two parts so only partial sessions's qa report is being generated, I don't know whether i should upload the remaining part or whether i should combine both the videos and upload in the instructor portal again.",platform issues
Its not accepting the response from the students ,Tech QA report issue
Internet issue,Facilities
Network not working ,Facilities
"IN CLASS 11 MY RECORDER IS WAS CONNECTED TO SOME OTHER RECORDER HENCE MY REPORT SHOW RED FLAGS.
",Tech QA report issue
"At the studentâ€™s request, I repeated the section and intentionally slowed down so the student could follow the explanation clearly. While this was necessary for their understanding, it reflected in the QA report as a slow pace during the code snippet demonstration.",Tech QA report issue
"PAUSE BUTTON SHOULD ADD IN RECORDING THE SESSION, DUE TO IN BETWEEN STAFF IS COMMING FOR TAKING THE ATTENDANCE , SO BECAUSE OF THIS 10 MINUTES BREAK I HAVE TO TAKE AND IT EFFECTING MY REPORT",Tech QA report issue
"IN LANGUAGE SESSION ITS GIVING I DIDNT GIVE PROPER DESCRIPTION FOR THE TERMINOLOGIES WHICH I USED. BUT ACTUALLY I ALREADY EXPLAIN THOSE TERMINOLOGIES IN LAST CLSS , AND EVERY STUDENT AWARE OF IT. WHY SHOULD I AGAIN EXPLAIN IN REPEATED WAY. ",Tech QA report issue
Wifi is still now working,Facilities
"TELLING TERMINOLOGIES ARE DIDNT EXPLAINED PROPERLY, WHY SHOULD I EXPLAIN THOSE TERMINOLOGIES, BECAUSE WHICH ARE ALREADY EXPLAINED IN MY PAST SESSION MULTIPLE TIMES, SO EVERY STUDENT KNOW WHAT IT IS , AGAIN WHY I NEED TO EXPLAIN. ",Tech QA report issue
Wifi is not working in office that's y i am not able to record my session from instructor platform,Facilities
reports flagged the use of Wikipedia as an inaccurate example of a static website,Tech QA report issue
flagged the use of Wikipedia as an inaccurate example of a static website.,Tech QA report issue
There was no internet in the class,Facilities
Network not working properly,Facilities
iT is saying i did not tell the students to how to go tothe code playground and how to copy the URL and how to paste it but actually what i said was that i guess that you guys must be knowing the process for doing all these things it took it in a wrong way,Tech QA report issue
Wifi is not working,Facilities
"I encountered an issue with the instructor platform where the session presentations were not being displayed. As a result, I had to access the presentation materials through my learning portal instead.
Additionally, I noticed that some of the multiple-choice questions (MCQs) included content that was not covered in the provided materials. For example, one question asked to evaluate whether ""abc"" < ""abd"" is true or false. However, in the session slides, we only discussed string comparison using the equality operator (==), and there was no mention of using other comparison operators like < for strings. Despite this, I was still required to answer the question.",Tech QA report issue
"I encountered an issue with the instructor platform where the session presentations were not being displayed. As a result, I had to access the presentation materials through my learning portal instead.
Additionally, I noticed that some of the multiple-choice questions (MCQs) included content that was not covered in the provided materials. For example, one question asked to evaluate whether ""abc"" < ""abd"" is true or false. However, in the session slides, we only discussed string comparison using the equality operator (==), and there was no mention of using other comparison operators like < for strings. Despite this, I was still required to answer the question.",Tech QA report issue
"The performance was rated ""Satisfactory"".
The session included off-topic chit-chat about breakfast.The instructor used an incorrect technical term, 'Angular braces' instead of 'angle brackets'.",Tech QA report issue
"The session recording started 30 minutes after the class began, hence the initial part of the lecture is not available in the recording.",Tech QA report issue
"During three sessions (15, 17, and 27 minutes), the recordings were not successfully submitted. Additionally, there were distractions among students that affected their focus.

Please advise on how to resolve the recording problem and manage student engagement better.",platform issues
no network in the class room so how could we record the sessions also students portal is not opening due to network issue,Facilities
"I noticed that some of the multiple-choice questions (MCQs) included content that was not covered in the provided materials. For example, one question asked to evaluate whether """"abc"""" < """"abd"""" is true or false. However, in the session slides, we only discussed string comparison using the equality operator (==), and there was no mention of using other comparison operators like < for strings. Despite this, I was still required to answer the question.""
",Student portal
"Please unlock the resources for the session after when the session got completed 
Why am telling this is I observed some students are not listening the class in the mean time they are listening to that recordings but they are doing their classroom quizzes with everyone",Student portal
"There a was no mic and wifi in class, apart from that their is construction going on top of class.",Facilities
Wifi-issue,Facilities
need curtains for the classroom for better visibility of the screen. Also internet connectivity is also not good,Facilities
"Wifi is not working, and students are soo angry with the management and also hostels have insects in their food.",Facilities
"The MCQ could not be completed as the instructorâ€™s session extended beyond the scheduled time.""
",session timing issues
Its not taking the response from the students,Tech QA report issue
Python Instructor took 20min of my session.,session timing issues
"Mic is not provided, wifi and mobile network also not working, students are not able to do MCQ and coding practice smoothly due to internet issues, and due to network issue not able to record the session in the instructor portal, recorded in phone, due to network I have to upload the recording after reaching to the room ",Facilities
The session was completed completely but in the portal its showing as partially completed so that's why the score was very less.,Tech QA report issue
"The report which the tool is providing is not working properly i think so, because it is mentioning some actions which i have done in the class.",Tech QA report issue
Session content was too lengthy to cover in one session.,session timing issues
The code which is shown in the slides is not available to us in order to explain them clearly. So please provide the code. ,session handling issues
I have ended the session but the recording was not submitted in the portal but then uploaded in portal by phone,platform issues
I was not able to launch the classroom quiz from my learning portal for conditional statements session,platform issues
Instructors taking extra time in my class and there is a network issue ,session timing issues
"As, I have given to do from 45 to 80 slides but in the report its saying The instructor covered approximately 50-69% of the expected topics based on the transcript. The sequence of topics was inconsistent, with frequent deviations and unclear transitions between sections.",Tech QA report issue
The audio is not uploading ,platform issues
The Audio file is not uploading.,platform issues
THE RECORDING MIC WAS NOT AVAIBLE IN ROOM 12 SO I RECORDED BY THE INBUILT MIC OF LAPTOP.,platform issues
"I had recorded todayâ€™s session using the Instructor platform. When I ended the session, the platform showed that it had ended and submitted properly. However, when I later checked, I noticed that the recording was neither submitted on the platform nor saved in my downloads. As a result, Iâ€™ve unfortunately lost the recording for todayâ€™s session and am unable to access the QA report.

Additionally, since my phone didnâ€™t have enough charge, I was unable to use it as a backup for recording.",platform issues
it was just an English exam invigilation there was nothing to teach but it has given me less score for false reason as if i did not teach the topics well ,Tech QA report issue
"No wifi, mic. A lot of time from our class is going in taking attendance.",session timing issues
There is an issue with learning portal playground it is not taking certain image url it is showing it as Name entity error.,Student portal
"Some of the actions that are generated by the ai is inaccurate like a funny things happened in the classroom, the ai is considering as wrong behaviour.",Tech QA report issue
"Some of the actions that are generated by the ai is inaccurate like a funny things happened in the classroom, the ai is considering as wrong behaviour.",Tech QA report issue
Audio didnt record from the device. Uploaded the backup audio now.,platform issues
"The report is saying 'Interaction was limited, and there were missed opportunities to engage students in problem-solving', but I interacted well with the students.",Tech QA report issue
that session was about the invigilation for the english test so i was there not to teach actually but depending on the topics its giving me very less score ,Tech QA report issue
,
"STUDENT PORTALS LOCKED, WIFI ISSUES, CONSTRUCTION NOISE DISTURBANCE DURING CLASS",Facilities
Laptop Issue when connecting to the External Display,Facilities
Portal not catching words correctly from the session.,Platform issues
Students Portal is not working still.,Student portal
Class got extended so the qa report generation is also extended,Session timing issues
"Not able to complete the session , as another class was going on so class started late.",Session timing issues
Recording not uploding,Platform issues
I recorded my session Via Instructor portal only but due to Wifi and powering issue its not uploaded and showing recording not submitted.,Platform issues
Network Issue with Instructor Portal,Platform issues
Instructor taken 30mins in my session and internet issue,Session handling issues
Time Constraints,Session handling issues
Recording are not generated most of the time portal has issues.,Platform issues
"Due to a network issue, my laptop got disconnected approximately 3 minutes after starting the class. As a result, I was unable to share the display for conducting the MCQ and coding practice as planned. Because of this, I instructed the students to start the MCQ and coding practice individually.

I informed them that they could ask me freely if they had any doubts during the session. This led to reduced audio interaction time from my side, as the students were working independently and asking questions only when needed.",Facilities
"I completed the MCQ section from 11:00 to 11:40, but left the coding section from 11:40 to 12:20 because the instructor did not give the lecture on that topic.",Scheduling issue
"I took Quiz A today. everyone completed the quiz but due to Wifi issue when i tried to end the quiz. it was not registered.

",Facilities
We want mics and seperate staff room for instructors,Facilities
The session started 10 minutes late and exceeded its expected duration,Session handling issues
"This is the second, separate evaluation report for a session conducted by this instructor on the same date, September 6, 2025.",Facilities
"Significant time was consumed by off-topic discussions on generative AI and classroom AC temperature, accounting for more than 10% of the session time.",Session handling issues
"students are not sure with the concepts that is covered by the instructor. 
students feel nervous to ask doubts and unable to solve some questions as well. ",Session handling issues
Wifi Issue,Facilities
Wifi - issue,Facilities
Wifi and Mic is not there in class.,Facilities
Wifi is still not working and due to wifi issue recording not submitted in portal & QA report not generated,Facilities
"WIFI is not Working, even personalphone network is not working in this location ,every day we and students are facing this same issue,mike not provided yet",Facilities
Python Instructor took 20 minutes of my practice session.,Session handling issues
in the audio file sometimes the file is having no sound which is different than the one which is submitted,Platform issues
wifi is not working and due to wifi students face many problems during classroom quiz,Facilities
Wifi-issue,Facilities
yes,Facilities
Having an 3 topics continuously it will effect the entire class,Session handling issues
At a Same time handling 3 sesions it will effect the QA report,Session handling issues
Mic and wifi not working. There is lot of construction noise in class. Right section is not visible on the portal of the students so I think feedback will be wrong for professors. ,Facilities
Got the class 10 min late 10 min disruptions topic too long not enough time session completed till  input indexing left,Session handling issues
Continuous disturbance from the management team succes coaches and also they took 30 min in just Class Representative selection ,Team members issue
Lots of disturbance from central team and also there are some other instructors who can in between to ask if their courses are unlocked or not,Team members issue
In the section two students are new to the class and One boy said he missed some sessions so he could not able to complete the quiz correctly. also some students started the exam early even after I mentioned them to start at 12:15PM,Session handling issues
Conducted Nested Conditional Statements as well as Problem Solving P1,Facilities
"Pacing was inconsistent, and the session exceeded its expected duration.

An overly prolonged amount of time was spent on the topic of saving and publishing code snippets.",Session handling issues
The Class got delayed for 15 mins as the projector was not working. Apart from that no Issues. ,Session handling issues
"Unable to take session due to extended lectures
",Session handling issues
"Quiz is taking 20-30 mins because of wifi and power cut.
So not able to complete session on time.
",Facilities
"Entire portal was locked to Students, so they are covering the sessions before the actual session in portal and in the classes they are feeling bored and very relaxed, Soi please lock the entire course. ",Session handling issues
"Students started the exam before mentor/instructor entering into the classroom, and they finished the exam quickly started making noise and disturbing others. It would be better if there is any code given to mentors so that they will conduct that exam. And also students planning to attempt the quiz in their homes/hostels so that if code will be given to mentors who are going to sessions they can give that code to all the students inside the classroom and they can balance.",Session handling issues
The audio for this class was merged with the audio for the last class,Tech QA report issue
feedback report having issues. one word is repeating 100 times and in audio also same noise is there in that particular time period. due to this pedagogy and language is getting low marks . at the end of the report also getting low marks and it effecting my overall ratings,Tech QA report issue
Internet Issues.,Facilities
"This is the second, separate evaluation report for a ""CSS Part 3"" session on the same date, September 8, 2025.",Tech QA report issue
"Technical issues, i did record the session but, audio was missing due to Internet issues",Facilities
"Yes, So many issues, I was on the same track as per the slides but it was showing not on the sequences",Tech QA report issue
Satisfactory performance. The instructor meets basic requirements but shows potential for growth.,Facilities
Since we have a network problem in the campus I was unable to take the session.,Facilities
"I had two topics scheduled in one lecture, I was able to complete one topic but not the other one as there was mic testing going on in the class",Session handling issues
I could not take the session bcz internet was working so the class got scheduled,Facilities
Recording got inturrupted could not get the file,Facilities
There was network issue in the class so the students unable to write code and class room quizzes,Facilities
Wifi Issue,Facilities
"internet issue, class is rescheduled (hall 7)",Facilities
"1)   My QA tool generated an incorrect result. The Height and Width slides are actually from 14 to 20, followed by Background Image slides from 21 to 29, and then the Viewport topic comes after that. So, my coverage was in the same order as the slides. However, the QA report stated:
""The instructor covered most of the topics listed in the slides, including the CSS Box Model, height, width, background-image, and background-size. However, the sequence deviated slightly, particularly with the introduction of viewport concepts (Slides 35â€“38) being delayed and interspersed with other topics.""

2) I would like to clarify a point from the QA report. The phrase â€œExcuse me, is there any issue?â€ was not directed toward my class students. It was asked to a few students who came to my class inquiring about others staying in a particular hostel. When I asked them why, they explained there was a hostel-related issue. Therefore, the context was specific to their query and not dismissive toward my class students, as the QA report suggests.",Tech QA report issue
"(Section-6: Introduction to Bootstrap) No issue with report as I couldn't record it due to network issue, couldn't access Instructor Platform, and needs to reschedule the class again.",Facilities
"I only repeated those two keywords because I realised that the students have faced confusion when learning these new concepts, so I repeated them with multiple examples, with pressing on each and every keyword, and finally I noticed that they understood so I asked them questions in return, and they responded well.",Tech QA report issue
"The instructor incorrectly stated that 'card' is a predefined Bootstrap class name (00:28:53), which is not entirely accurate as it depends on the Bootstrap version.' the 'card' example was in the PPT slides explaining how when one uses the 'card', it is changing the structure of the content in the webpage, so I need to tell them the basic introduction of the card class name in Bootstrap, and I couldn't mention the minor details of the Bootstrap versions, some of them taking the keyword 'card' as a bootstrap class name, and some not.",Tech QA report issue
"Please don't unlock the content which is not discussed so far, Currently the entire content was unlocked to students, So they are completing the sessions before the actual session, and during the session they are completely relaxed and overall the entire session is getting disturbed and misaligned. ",Student portal
"The session included several off-topic segments, such as extended discussions about saving code, that collectively exceeded 10% of the session time.",Session handling issues
Network Problem.,Facilities
Couldn't upload the ,Facilities
curtains for class AC not working . ,Facilities
The session was overly slow and included off-topic segments that accounted for more than 10% of the session time,Session handling issues
Issue with Instructor portal recording is not proper and it was not submitted and the extension is webm for today's recording and usually it is mp3.,Platform issues
Audio recorded but dont know it is not reflecting so Im trying to do it manually ,Platform issues
i ended the recording but did not get in in my portal,Platform issues
"Issue with the instructor portal it has not submitted the recording and the extension of recording is in .webm and usually it is .mp3. For now, I will be converting this recording to mp3 and will submit this.",Platform issues
Today's session(Programming with python) was scheduled earlier and this lecture was taken by the instructor but today this was scheduled for unlocking classroom quizzes only which were locked on student portals and in this session students attempted their classroom quizzes which they could not complete at that time when this session was scheduled there was no explanation about this topic in the class. According to that instructor portal generated the report.,Scheduling issue
"There were two topics today: one for 14 minutes and one for 45 minutes. In the first recording, I explained the recap, but in the second one I didnâ€™t. Because of that, I got a low rating.  ",Tech QA report issue
"While reviewing the transcript, I noticed a repetitive error. The same phrases (""And there"" and ""What's up"") are repeated continuously, which seems to be a bug or an issue with the transcription process.",Tech QA report issue
"I submitted the recording but the recording is saved as a WEBM file and shows recording not submitted in the instructor portal, i tried converting it to mp3 but it is also taking too much time. ",Platform issues
"I recorded the session from 1:30 to 2:30 on the instructor platform, but due to a technical issue, the recording was not submitted.",Platform issues
Network Issue,Facilities
audio did not uploading and file download in WEBM format not in the mp3,Platform issues
"The recorded audio is not submitting automatically, and it is downloading in the .webm format, which i am unable to submit manually",Platform issues
Instructor taken 15mins of my session internet issue ,Session handling issues
I don't have access to the instructor platform and already informed to PM.,Team members issue
portal is not even taking the recording,Platform issues
"We need 2 TV's in every class and also please don't unlock the content which is not discussed in the classroom, because students are completing the sessions before discussing in classroom. ",Facilities
The session pacing was inconsistent and exceeded the expected duration,Session handling issues
"i recorded the session , but Q/A report is not generated",Platform issues
"Actually, I have recorded the sessions but it didn't submitted because of some technical issues I don't know why It didn't submitted yet
It's might be instructor platform technical issue I haven't recorded it in mobile, that's why I can't be ableÂ toÂ doÂ anything",Platform issues
"I am software development mentor , Did i need to record video in instructor platform",Facilities
My class was good but students asked lots of doubts while practicing and we took more time in solving the errors and trying to do the code. that's why most of my recording is silent. and i got low score in QA report,Tech QA report issue
recording submission falied,Platform issues
I  didn't check the schedule..,Session handling issues
Actually what i am feeling with this QA and recording i am losing my original teaching style.,Other on ground issues
Unable to access reading material on instructor portal.,Platform issues
It's mentoring and Module Quiz session ,Session timing issues
Recording is being download but automatically it is not getting submitted,Platform issues
audio file is not getting uploaded on the instructor portal. ,Platform issues
Session recorded successfully but it is in  .wedm format ,Platform issues
The content cannot be delivered in 1 session at least 2 sessions are needed to cover the content please devide the content thoughtfuly. Make sure the content in the slides are devided so that they can be completed in a 50min-1hr session.,Scheduling issue
recording failed,Platform issues
No Access to the instructor portal,Platform issues
"Report not generated, uploaded the recording manually.",Platform issues
Recorded audio file is not getting directly submitted.,Platform issues
Today's session was related to the module quiz but instructor portal generated QA reports according to the lecture content not specifically according to module quiz so it resulted in low scores.,Tech QA report issue
Instructor Platform Issue,Platform issues
I didn't record audio because I was conducting Module Quiz 1 in Section 2.,Platform issues
Network Issue,Facilities
"statred the recording but didnt captured any audio or voice 
",Facilities
recording failed,Facilities
its not getting submitted after finishing the session,Platform issues
"Morning Session, Recording issue I have faced it",Platform issues
Please don't unlock the sessions which are not discussed in the sessions. ,Student portal
"Time is very less for the session the session needs 2-3 hrs to be completed it is impossible to complete it in 50mins
",Session timing issues
network issues facing,Facilities
"Mic always have low battery and i always have to ask facilities to change that in the middle of the session 
many difficulties are encountered in the instructor platform, like today also i recorded a session and it says recording not submitted and the recording is also not saved locally.
",Facilities
Report not generated.,Platform issues
Because of the power cut and internet issues i could not take the class,Facilities
light got just after 20 minutes so lecture is half completed,Facilities
Instructor platform did not submitted the recording when I stopped the recording,Platform issues
"There is no power or wifi, so I am unable to conduct the classes.",Facilities
"Recording is not submitted automatically, I have to upload it from the downloaded recording after the session. And the recording extension is webm which is not supported by portal when uploading the recording. Please resolve these issue in the portal regarding recordings.",Platform issues
Recorded  but Suddenly internet got intrupped ,Facilities
the audio is getting downloaded but it's not submitted in Instructor Portal,Platform issues
Recorded audios not getting uploaded in the instructor portal directly.,Platform issues
"In Section -18 i had  a session at 12 , the recording mic had no charge in it , and the transcript was not generated properly.",Facilities
"Section-6: No issues with the report, but I couldn't record it fully because the electricity and the WiFi went off in the middle of the session. ",Facilities
No curtains in the class too much reflection. electricity went out 5-6 times which disrupted the class. The microphone was not working.,Facilities
"While Recording in Instructor Platform when we stop recording, page is reloading and recording is not getting downloaded or Uploaded in the Platform.",Platform issues
Class was cancelled as there was a blackout due to powercut.,Facilities
"session is lengthy , few slides still let , i will cover that in next class",Session handling issues
"recording not submitted automatically and report not generated.
",Platform issues
audio is downloaded but not sumitted in the instructor portal so submitted manually,Platform issues
Internet Issues,Facilities
Faced Network issue and recording is also not saved i had to upload the one i saved in my phone.,Facilities
Most of the times the recording is not submitted in the Instructor Platform when I use Instructor Platform  to record the audio.,Platform issues
report not generated and recording not submitted automatically ,Platform issues
Internet Issue,Platform issues
Python instructor took 20min of my session time and internet issue still continues.,Session timing issues
due to some backend issue the test was not going to conducted,Platform issues
In morning i was having exam supervison so i have'nt recorded the session.,Scheduling issue
recording not submitted and report not generated.,Platform issues
Instructor platform is not submitting the recording,Platform issues
report did not get generated because the recording was stopped after 30 mins ,Platform issues
report not generated.,Platform issues
Frontend Instructor taken 20mins of my session ,Session handling issues
The session was not uploaded. ,Platform issues
There was some problem with recorder mic and transcript was not generated properly ,Facilities
"report not generated, not submitted automatically",Platform issues
the instructor allowed a student to sit in the exam hall from the different section but the thing is as soon as i figured it out and told him to leave he left the class but for that it is taking my behavioral red flag,Tech QA report issue
so it was just a exam session which i had to take but there was no concepts to teach but in the middle the audio recorder mic got charged out and  stopped recording so the entire session was not recorded thats why i got very less marks please see this ,Facilities
"Network issue, not use to use my laptop. students were not able to use laptops.",Facilities
The Status is Failed.,Platform issues
recording not submitted and it did not got downloaded ,Platform issues
internet issue,Facilities
There were lot of power cuts in between the class.,Facilities
"There was some problem with recording mic ,it didn't record my session.",Facilities
lecture went little bit lengthy because problem solving was combined with loops topic,Session handling issues
"Date and Topic: 15/09/2025 and Approach to Develop Layout: 'Clarify the explanation of 'justify-content-between' to emphasize that it distributes items evenly with space between them.' I actually did not give any kind of explanation regarding the 'justify-content-between' since it is not in the syllabus for now. What really did happen was one student suggested using 'justify-content-between', but when I corrected him that we should use 'justify-content-center', he said he forgot the term 'center' and said 'between'. The student was the one who first talked about the 'justify-content-between', not the instructor.",Tech QA report issue
"audio is downloaded but not submitting in instructor portal
",Platform issues
"Recording not getting submitted on the portal automatically, we had to submit it manually.",Platform issues
"On uploading the recording of the class (since i'm a mentor) , instead of generating the QA report, it's showing failed. and the transcript is extremely erroneous and repeating the same sentence.",Tech QA report issue
"During the session, students faced Wi-Fi issues, the classroom had no air conditioning, and a power failure caused the projector to shut down in the middle of the session.
",Facilities
I couldn't take the class. Date: 15-09-2025 Time: 11:30-12:30,Session handling issues
Was only able to take 60-70% of the class,Session handling issues
Recording not submitted so uploaded it,Platform issues
"I didn't take my class properly due to administrative issues, so I took only 10 10-minute class, remaining part of time goes to administrative task.  ",Team members issue
"I couldnâ€™t attend the 10â€“11 AM class today as train was delayed while coming from home. I joined at 11 AM to class.
Apologies for the inconvenience.",Other on ground issues
"on 15 sept 2025, 2 mentoring session on the conditional statement was scheduled . For the first one (12:30 to 1:30), i was unable to take class as the theory for that class was not at all covered and even i was not able to share the screen on the smart board to brief out about the session and start with the MCQ+Coding. For the second session(3:40 to 4:40), the theory was not completed by the instructor due to the wifi issue. but since i was able to share the screen so i started with the coding practice on the same topic but students were not able to do the practice due to wifi issue. but when i'm trying to upload the recording, it's getting failed again and again and transcript is also very erroneous. ",Facilities
"Got the portal access yesterday, learned to use it today(Got the KT from fellow instructors), changed the working laptop, booted the new system. Will start recording from tomorrow for sure.",Other on ground issues
16th sept hall 12 class from 2 to 3 i started recording the session with the mic plugged in the laptop  but it stopeed working the mic for that my audio was not nrecorded but i have observed my mic was on the blue light was blinking so it did not record anything that why i have got 0 in it ,Facilities
"
Students were unable to complete all the coding practice questions in a single session, as only one practice session is currently being assigned to them.",Scheduling issue
Wifi was not there,Facilities
"I got the Back-end Coding Practice in place of Front-end that' why I didn't record.
",Scheduling issue
Wifi issue ,Facilities
"I would like to bring to your attention an issue I faced regarding the assigned topics for today's class.
I was assigned two topics:
Introduction to HTML5 â€“ This topic consists of 63 slides and 3 classroom quizzes. Each quiz has 6 questions. There are around 117 students in one class, and each quiz takes approximately 6 minutes to complete because all students needs to join to quiz through code displayed and answer for each quiz . Additionally, attendance was also taken during the class, which further consumed time. Due to this, I was only able to cover this topic and could not complete the second topic.
HTML Semantic Elements â€“ This topic consists of 70 slides and 2 classroom quizzes.
Together, both topics amount to around 133 slides and 5 quizzes, which is difficult to cover within the available 60 minutes, especially considering that attendance needs to be taken in both the morning and afternoon sessions.
I wanted to inform you that it is difficult  to complete both topics within the 60 minutes.
 
Thank you for your understanding.
 ",Session timing issues
Power Issues,Facilities
Projector Issues,Facilities
WIFI  speed issue,Facilities
Some slides were left and will be finished in next session,Session handling issues
"Due to my involvement in conducting a  KT session on the Gemini student offer during that session , I was unable to take the class for afternoon session.",Session handling issues
"As I was facing an internet issue, I recorded the session, but it got stopped and it didn't get uploaded.",Facilities
"For the third session, the Auto submission didn't work even after multiple attempts",Platform issues
The class does not have curtains very difficult to see the screen too much reflection. The instructor platform closed so recording got deleted.,Facilities
Unable to take the class because of no internet and remote location personal network is also not working for both students and faculties.,Facilities
"I noticed my QA score was lower due to repeating previously covered topics. However, I repeat certain concepts to help students better understand, especially when the slides don't fully cover their doubts.

If I skip these, students struggle to follow the session. I request clarification on how to balance QA expectations with effective teaching.",Tech QA report issue
Nothing just power on the AC students are complaining,Facilities
"Because of an internet issue, I couldn't take the Intro to Bootcamp class.",Facilities
"Because of wifi issue, theory class was incomplete and almost all students were facing the wifi issue, because of which mcq +coding was not able to the conducted solved few doubts whose net was working (conditional statement - section 3- 10:30 - 11:30, 17 sept 2025) ",Facilities
No internet and ac,Facilities
Class was not conducted due to unavailability of internet,Facilities
"first, it failed to upload the recording and then i uploading the downloaded recording, but i am not getting the QA report for that session",Platform issues
"the recording stopped by its own in staring 10 minutes and QA report also generated for those 10 minutes recording, because of that i am not able to upload my backup recording that i have done in phone",Facilities
Mic issues and the session report says transcription in process and is stuck on that.,Facilities
Please don't unlock the content which is not discussed in the classroom. ,Student portal
"90% students did not attempt module quiz, only because of internet issue.",Facilities
"today i got assigned 6 sub sub part topic form 10:00-11:00 morning for 10 , 10, 10 ,10, 10, 10 minutes  , how can i do that in 60 minutes class here i have to do grooming check for each recoding  and i have to upload the audio were for uploading for each audio it will take 2-3 minutes i have to do this 6 times for each subtopic , along with teaching , practically it difficult to do that  .
 
note : content of all sub topic from 10:00-11:00 we can cover in 1 hour  no problem in that , here the problem is recording 6 time , grooming checking 6 times in front of students , and uploading audio 6 times with covering all the content ",Tech QA report issue
The audio is downloading but its not auto submitting.,Platform issues
It is taking a lot of time to reflect in the dashboard after i have generated the report.,Platform issues
"
1) Student asked the question, So I went to another question , How come I didnt wait!
2) Red Flags is Zero, but still the ratio is 3.8/ 4.0 how come it is!!!!
3) In the slides itself it as the copy and paste the content, and get the prompt. Then What can I say for this!!!
4) I will strictly align my teaching flow with the PPT slides and lesson plan to maintain consistency.I will reintroduce the skipped examples (Swiggy, Amazon, BookMyShow) in the next session to ensure learners gain complete coverage.I will also refine my terminology usage (e.g., correctly referring to â€œGammaâ€) and improve the clarity of explanations such as â€œagent modeâ€ in GPT.I sincerely appreciate the feedback, as it helps me align better with expectations and improve the learner experience.
5) Thank you for the detailed feedback. I would like to provide some clarification regarding the coverage and sequence:The PPT slides for this session were shared only yesterday, which created a gap between the topics I had initially prepared and the updated slide content. As a result, I focused on tools like Gamma, Code2Tutorial, and Otter AI to demonstrate real-world applications of Generative AI, which unfortunately deviated from the exact sequence of the slides.Due to this misalignment, examples related to Swiggy, Amazon, and BookMyShow were not covered in detail. I acknowledge this as a gap and will ensure these business use cases are prioritized in the upcoming sessions",Tech QA report issue
In exam how student interaction possible,Tech QA report issue
,
Issues,Category
"Please add the today sessions in the instructor platform, as they are currently not available.",Platform issues
i did'nt got the link of the session,Platform issues
internet issue,Facilities
Unable to take classes because of internet isue/,Facilities
middle of the class faclities team came to solve the problem with mic and tv that time i have asked to give me ur number,Facilities
gave food related example inorder to explain website example,Tech QA report issue
In exam how student interaction possible . Also Internet Issue,Tech QA report issue
recording Auto stopped after 30 minutes,Platform issues
"The recording when we get stopped it should get downloaded, but my recording is not yet downloaded , If it is downloaded then I will start evaluating the report",Platform issues